LastModifiedDate,LastModifiedById,Id,"object_id","object_name","object_type",AccountNumber
"2022-11-02T21:54:07.000+0000",005Dn000001SJlsIAG,001Dn000005lB9VIAU,001Dn000005lB9V,"Account 1",Account,
"2022-11-02T21:53:53.000+0000",005Dn000001SJlsIAG,001Dn000005lB9aIAE,001Dn000005lB9a,"Account 2",Account,
"2022-10-29T00:50:49.000+0000",005Dn000001SJlsIAG,001Dn00000647zgIAA,001Dn00000647zg,sForce,Account,
"2022-10-29T00:50:49.000+0000",005Dn000001SJlsIAG,001Dn00000647zfIAA,001Dn00000647zf,GenePoint,Account,
"2022-10-29T00:50:49.000+0000",005Dn000001SJlsIAG,001Dn00000647zeIAA,001Dn00000647ze,"United Oil & Gas, Singapore",Account,
"2022-10-29T00:50:49.000+0000",005Dn000001SJlsIAG,001Dn00000647zdIAA,001Dn00000647zd,"United Oil & Gas, UK",Account,
"2022-10-29T00:50:49.000+0000",005Dn000001SJlsIAG,001Dn00000647zcIAA,001Dn00000647zc,"University of Arizona",Account,
"2022-10-29T00:50:49.000+0000",005Dn000001SJlsIAG,001Dn00000647zbIAA,001Dn00000647zb,"Express Logistics and Transport",Account,
"2022-10-29T00:50:49.000+0000",005Dn000001SJlsIAG,001Dn00000647zaIAA,001Dn00000647za,"United Oil & Gas Corp.",Account,
"2022-10-29T00:50:49.000+0000",005Dn000001SJlsIAG,001Dn00000647zZIAQ,001Dn00000647zZ,"Grand Hotels & Resorts Ltd",Account,
"2022-10-29T00:50:49.000+0000",005Dn000001SJlsIAG,001Dn00000647zYIAQ,001Dn00000647zY,"Dickenson plc",Account,
"2022-10-29T00:50:49.000+0000",005Dn000001SJlsIAG,001Dn00000647zXIAQ,001Dn00000647zX,"Pyramid Construction Inc.",Account,
"2022-10-29T00:50:49.000+0000",005Dn000001SJlsIAG,001Dn00000647zWIAQ,001Dn00000647zW,"Burlington Textiles Corp of America",Account,
"2022-10-29T00:50:49.000+0000",005Dn000001SJlsIAG,001Dn00000647zVIAQ,001Dn00000647zV,"Edge Communications",Account,
"2022-10-29T00:50:49.000+0000",005Dn000001gMCtIAM,001Dn00000647zhIAA,001Dn00000647zh,"Sample Account for Entitlements",Account,
